{
	"$schema": "http://json-schema.org/draft-04/schema#",
	"type": "object",
	"title": "Bookstore",
	"options": {
		"layout": {
			"name": "paged"
		}
	},
	"definitions": {
		"newPropertySchema": {
			"title": "New property",
			"type": "object",
			"required": [
				"name",
				"type",
				"multiple"
			],
			"properties": {
				"name": {
					"title": "Property name",
					"type": "string",
					"pattern": "^[a-zA-Z_][a-zA-Z0-9_]*$",
					"description": "Valid identifier"
				},
				"type": {
					"title": "type",
					"type": "string",
					"description": "Select the type of property",
					"enum": [
						"text",
						"number",
						"integer",
						"date",
						"datetime-local",
						"time",
						"boolean",
						"textarea",
						"email",
						"color",
						"range",
						"tel",
						"url",
						"json"
					],
					"options": {
						"input": {
							"name": "RadioSelectInputWidget"
						},
						"enum_titles": [
							"Text",
							"Number",
							"Integer",
							"Date",
							"Datetime-local",
							"Time",
							"Boolean",
							"Textarea",
							"Email",
							"Color",
							"Range",
							"Tel",
							"Url",
							"Json"
						]
					}
				},
				"multiple": {
					"title": "multiple",
					"type": "boolean",
					"description": "allows multiple values"
				}
			}
		}
	},
	"properties": {
		"Book": {
			"title": "books",
			"type": "array",
			"items": {
				"type": "object",
				"title": "book",
				"additionalProperties": true,
				"options": {
					"additionalProperties": {
						"UISchema": {
							"$ref": "#/definitions/newPropertySchema"
						}
					}
				},
				"properties": {
					"Title": {
						"type": "string"
					},
					"Price": {
						"type": "number"
					},
					"ISBN": {
						"type": "string"
					},
					"Genre": {
						"type": "string"
					},
					"Author": {
						"type": "array",
						"title": "authors",
						"items": {
							"type": "object",
							"title": "author",
							"properties": {
								"FirstName": {
									"type": "string"
								},
								"Surname": {
									"type": "string"
								}
							}
						}
					}
				}
			}
		}
	}
}

