{
	"title": "Payment Method",
	"options": {
		"input": {
			"name": "button-select"
		}
	},
	"oneOf": [
		{
			"title": "None",
			"type": "object",
			"properties": {
				"method": {
					"type": "string",
					"enum": [
						"none"
					],
					"options": {
						"hidden": true
					}
				}
			},
			"required": [
				"method"
			],
			"options": {
				"hidden": true
			}
		},
		{
			"title": "Bank EFT",
			"type": "object",
			"options": {
				"layout": {
					"name": "horizontal"
				}
			},
			"properties": {
				"method": {
					"type": "string",
					"enum": [
						"eft"
					],
					"options": {
						"hidden": true
					}
				},
				"bankName": {
					"title": "Bank name",
					"type": "string",
					"minLength": 5
				},
				"routingNumber": {
					"title": "Routing number",
					"type": "string",
					"minLength": 9
				},
				"accountNumber": {
					"title": "Account number",
					"type": "string",
					"minLength": 12
				}
			},
			"required": [
				"method",
				"bankName",
				"routingNumber",
				"accountNumber"
			]
		},
		{
			"title": "Credit Card",
			"type": "object",
			"options": {
				"layout": {
					"name": "horizontal"
				}
			},
			"properties": {
				"method": {
					"type": "string",
					"enum": [
						"creditCard"
					],
					"options": {
						"hidden": true
					}
				},
				"cardType": {
					"title": "Card type",
					"type": "string",
					"enum": [
						"Amex",
						"Discover",
						"MasterCard",
						"Visa"
					],
					"options": {
						"grid_columns": 3
					}
				},
				"cardNumber": {
					"title": "Card number",
					"type": "string",
					"minLength": 15,
					"maxLength": 16,
					"options": {
						"grid_columns": 4
					}
				},
				"expiration": {
					"title": "Expiration month",
					"type": "string",
					"format": "month",
					"options": {
						"grid_columns": 3
					}
				},
				"CCV": {
					"type": "string",
					"maxLength": 4,
					"minLength": 3,
					"pattern": "[0-9]*",
					"options": {
						"grid_columns": 2
					}
				}
			},
			"required": [
				"method",
				"cardType",
				"cardNumber",
				"expiration",
				"CCV"
			],
			"additionalProperties": false
		}
	]
}

