{
	"$ref": "#/definitions/person",
	"options": {
		"layout": {
			"name": "paged"
		}
	},
	"definitions": {
		"person": {
			"title": "Person",
			"type": "object",
			"id": "person",
			"defaultProperties": [
				"fname",
				"lname",
				"coworkers"
			],
			"patternProperties": {
				"^cousin_[0-9]+$": {
					"$ref": "#/definitions/person"
				}
			},
			"properties": {
				"fname": {
					"title": "first name",
					"type": "string"
				},
				"lname": {
					"title": "last name",
					"type": "string"
				},
				"bestFriend": {
					"title": "best friend",
					"options": {
						"input": {
							"name": "button-select"
						}
					},
					"oneOf": [
						{
							"title": "none",
							"type": "null"
						},
						{
							"title": "person",
							"$ref": "#/definitions/person"
						}
					]
				},
				"coworkers": {
					"type": "array",
					"items": {
						"title": "Coworker",
						"$ref": "#/definitions/person"
					}
				},
				"mother": {
					"title": "mother",
					"$ref": "#/definitions/person"
				}
			}
		},
		"year": {
			"type": "integer",
			"pattern": "^[0-9]{4}$",
			"minimum": 1900,
			"maximum": 2100
		}
	}
}

